Timestamp,Flight,Altitude_ft,Speed_kt,Latitude,Longitude,Status,Anomaly_Score
2026-04-16 15:13:47,UIA8681,2925,158.4,23.014847,120.194774,NORMAL,0.081
2026-04-16 15:13:49,UIA8681,2975,159.1,23.015396,120.193076,NORMAL,0.081
2026-04-16 15:13:51,UIA8681,3000,159.7,23.015762,120.191828,NORMAL,0.081
2026-04-16 15:13:53,UIA8681,3050,159.1,23.016264,120.190175,NORMAL,0.082
2026-04-16 15:13:55,UIA8681,3100,158.8,23.016683,120.188599,NORMAL,0.082
2026-04-16 15:13:57,UIA8681,3175,158.8,23.017181,120.186934,NORMAL,0.079
2026-04-16 15:13:59,UIA8681,3200,158.8,23.017502,120.185736,NORMAL,0.079
2026-04-16 15:14:01,UIA8681,3275,158.8,23.017987,120.18397,NORMAL,0.083
2026-04-16 15:14:04,UIA8681,3350,157.9,23.018685,120.181529,NORMAL,0.084
2026-04-16 15:14:06,UIA8681,3400,156.9,23.019058,120.180242,NORMAL,0.083
2026-04-16 15:14:08,UIA8681,3475,155.9,23.019516,120.178744,NORMAL,0.085
2026-04-16 15:14:10,UIA8681,3525,155.0,23.019974,120.177196,NORMAL,0.087
2026-04-16 15:14:12,UIA8681,3575,155.0,23.02034,120.175898,NORMAL,0.088
2026-04-16 15:14:14,UIA8681,3650,155.0,23.020826,120.174103,NORMAL,0.091
2026-04-16 15:14:16,UIA8681,3700,154.0,23.021245,120.172628,NORMAL,0.091
2026-04-16 15:14:18,UIA8681,3750,154.0,23.021711,120.171153,NORMAL,0.091
2026-04-16 15:14:20,UIA8681,3800,155.3,23.02213,120.169627,NORMAL,0.09
2026-04-16 15:14:22,UIA8681,3825,155.6,23.022502,120.168457,NORMAL,0.09
2026-04-16 15:14:24,UIA8681,3875,155.9,23.022995,120.166759,NORMAL,0.089
2026-04-16 15:14:26,UIA8681,3925,155.9,23.023453,120.165361,NORMAL,0.088
2026-04-16 15:14:28,UIA8681,3975,156.2,23.023956,120.163713,NORMAL,0.092
2026-04-16 15:14:28,EVA107,14275,409.8,23.056366,120.193026,NORMAL,0.143
2026-04-16 15:14:30,UIA8681,4000,157.2,23.024368,120.162365,NORMAL,0.094
2026-04-16 15:14:30,EVA107,14250,409.8,23.052612,120.192677,NORMAL,0.142
2026-04-16 15:14:32,UIA8681,4050,157.2,23.024872,120.160817,NORMAL,0.096
2026-04-16 15:14:32,EVA107,14225,409.8,23.05069,120.192477,NORMAL,0.142
2026-04-16 15:14:34,UIA8681,4100,157.5,23.025389,120.159149,NORMAL,0.094
2026-04-16 15:14:34,EVA107,14175,409.8,23.045197,120.191928,NORMAL,0.141
2026-04-16 15:14:36,UIA8681,4125,158.4,23.025808,120.157878,NORMAL,0.094
2026-04-16 15:14:36,EVA107,14150,408.8,23.041626,120.191528,NORMAL,0.14
2026-04-16 15:14:38,UIA8681,4175,158.4,23.026273,120.156403,NORMAL,0.094
2026-04-16 15:14:38,EVA107,14125,408.8,23.038193,120.191179,NORMAL,0.142
2026-04-16 15:14:40,UIA8681,4200,159.7,23.026749,120.154824,NORMAL,0.095
2026-04-16 15:14:40,EVA107,14100,408.8,23.034792,120.190837,NORMAL,0.139
2026-04-16 15:14:42,UIA8681,4250,160.3,23.027251,120.153351,NORMAL,0.096
2026-04-16 15:14:42,EVA107,14075,408.8,23.03144,120.190531,NORMAL,0.139
2026-04-16 15:14:44,UIA8681,4275,160.3,23.02771,120.151778,NORMAL,0.096
2026-04-16 15:14:44,EVA107,14025,407.8,23.027252,120.19008,NORMAL,0.141
2026-04-16 15:14:46,UIA8681,4325,160.7,23.028089,120.150553,NORMAL,0.097
2026-04-16 15:14:46,EVA107,13975,407.8,23.022354,120.189631,NORMAL,0.141
2026-04-16 15:14:48,UIA8681,4375,161.6,23.028647,120.148824,NORMAL,0.1
2026-04-16 15:14:48,EVA107,13950,407.8,23.018592,120.189209,NORMAL,0.137
2026-04-16 15:14:50,UIA8681,4425,161.6,23.029252,120.146942,NORMAL,0.105
2026-04-16 15:14:50,EVA107,13925,407.8,23.014821,120.188853,NORMAL,0.133
2026-04-16 15:14:52,UIA8681,4450,162.9,23.029678,120.145585,NORMAL,0.108
2026-04-16 15:14:52,EVA107,13875,407.8,23.011283,120.188497,NORMAL,0.134
2026-04-16 15:14:55,UIA8681,4500,162.9,23.030457,120.143139,NORMAL,0.108
2026-04-16 15:14:55,EVA107,13825,406.8,23.0056,120.187933,NORMAL,0.132
2026-04-16 15:14:57,UIA8681,4550,164.1,23.03096,120.141541,NORMAL,0.108
2026-04-16 15:14:57,EVA107,13800,406.8,23.001846,120.187533,NORMAL,0.132
2026-04-16 15:14:59,UIA8681,4575,165.1,23.031418,120.140242,NORMAL,0.109
2026-04-16 15:14:59,EVA107,13775,406.8,22.998109,120.187174,NORMAL,0.131
2026-04-16 15:15:01,UIA8681,4600,166.0,23.031876,120.138744,NORMAL,0.107
2026-04-16 15:15:01,EVA107,13725,406.8,22.994338,120.186768,NORMAL,0.131
2026-04-16 15:15:03,UIA8681,4650,166.0,23.032379,120.137146,NORMAL,0.106
2026-04-16 15:15:03,EVA107,13700,406.8,22.990428,120.186412,NORMAL,0.128
2026-04-16 15:15:05,UIA8681,4700,166.4,23.032928,120.135548,NORMAL,0.106
2026-04-16 15:15:05,EVA107,13650,405.8,22.986657,120.186005,NORMAL,0.129
2026-04-16 15:15:07,UIA8681,4725,167.3,23.033489,120.13382,NORMAL,0.106
2026-04-16 15:15:07,EVA107,13625,405.8,22.983073,120.185649,NORMAL,0.128
2026-04-16 15:15:09,UIA8681,4775,167.3,23.033861,120.132548,NORMAL,0.107
2026-04-16 15:15:09,EVA107,13600,405.8,22.979721,120.185293,NORMAL,0.128
2026-04-16 15:15:11,UIA8681,4825,167.0,23.03442,120.13087,NORMAL,0.11
2026-04-16 15:15:11,EVA107,13575,405.8,22.975571,120.184887,NORMAL,0.131
2026-04-16 15:15:13,UIA8681,4825,167.9,23.03442,120.13087,NORMAL,0.11
2026-04-16 15:15:13,EVA107,13525,405.8,22.971863,120.184487,NORMAL,0.131
2026-04-16 15:15:15,UIA8681,4825,168.2,23.03442,120.13087,NORMAL,0.11
2026-04-16 15:15:15,EVA107,13500,404.8,22.968083,120.184123,NORMAL,0.132
2026-04-16 15:15:17,UIA8681,4925,167.9,23.035677,120.126851,NORMAL,0.113
2026-04-16 15:15:17,EVA107,13450,404.9,22.964539,120.183738,NORMAL,0.132
2026-04-16 15:15:19,UIA8681,4975,168.9,23.036499,120.124362,NORMAL,0.113
2026-04-16 15:15:19,EVA107,13425,404.9,22.961014,120.183388,NORMAL,0.131
2026-04-16 15:15:21,UIA8681,5025,168.9,23.03698,120.122833,NORMAL,0.113
2026-04-16 15:15:21,EVA107,13400,404.9,22.956894,120.182939,NORMAL,0.13
2026-04-16 15:15:23,UIA8681,5050,169.8,23.037186,120.122115,NORMAL,0.113
2026-04-16 15:15:23,EVA107,13375,404.9,22.953512,120.182597,NORMAL,0.13
2026-04-16 15:15:25,UIA8681,5100,169.8,23.03801,120.119518,NORMAL,0.115
2026-04-16 15:15:25,EVA107,13325,404.0,22.949615,120.18219,NORMAL,0.128
2026-04-16 15:15:27,UIA8681,5150,170.8,23.038563,120.117747,NORMAL,0.117
2026-04-16 15:15:27,EVA107,13300,404.0,22.945877,120.181783,NORMAL,0.124
2026-04-16 15:15:29,UIA8681,5175,170.5,23.039028,120.116119,NORMAL,0.119
2026-04-16 15:15:29,EVA107,13275,404.0,22.94252,120.181441,NORMAL,0.124
2026-04-16 15:15:31,UIA8681,5225,171.7,23.039587,120.11439,NORMAL,0.124
2026-04-16 15:15:31,EVA107,13225,404.0,22.938569,120.180969,NORMAL,0.125
2026-04-16 15:15:34,UIA8681,5300,172.1,23.040378,120.111949,NORMAL,0.126
2026-04-16 15:15:34,EVA107,13175,404.0,22.932999,120.180392,NORMAL,0.126
2026-04-16 15:15:36,UIA8681,5325,172.5,23.040984,120.110168,NORMAL,0.124
2026-04-16 15:15:36,EVA107,13150,404.0,22.929444,120.180003,NORMAL,0.125
2026-04-16 15:15:38,UIA8681,5350,172.7,23.04126,120.10943,NORMAL,0.126
2026-04-16 15:15:38,EVA107,13125,404.0,22.92572,120.179593,NORMAL,0.122
2026-04-16 15:15:40,UIA8681,5400,173.7,23.041915,120.107727,NORMAL,0.125
2026-04-16 15:15:40,EVA107,13100,404.1,22.922195,120.179194,NORMAL,0.119
2026-04-16 15:15:42,UIA8681,5425,173.6,23.042613,120.106099,NORMAL,0.127
2026-04-16 15:15:42,EVA107,13075,404.1,22.918442,120.178794,NORMAL,0.117
2026-04-16 15:15:44,UIA8681,5500,174.4,23.043549,120.104037,NORMAL,0.125
2026-04-16 15:15:44,EVA107,13025,404.1,22.914917,120.178445,NORMAL,0.116
2026-04-16 15:15:46,UIA8681,5525,174.4,23.044289,120.102386,NORMAL,0.125
2026-04-16 15:15:46,EVA107,13025,404.1,22.911755,120.17807,NORMAL,0.116
2026-04-16 15:15:48,UIA8681,5575,174.0,23.04483,120.101191,NORMAL,0.126
2026-04-16 15:15:48,EVA107,12975,403.0,22.907822,120.177646,NORMAL,0.111
2026-04-16 15:15:50,UIA8681,5600,174.4,23.045609,120.099593,NORMAL,0.126
2026-04-16 15:15:50,EVA107,12950,403.0,22.905762,120.177446,NORMAL,0.111
2026-04-16 15:15:52,UIA8681,5650,174.9,23.04643,120.097911,NORMAL,0.128
2026-04-16 15:15:52,EVA107,12950,403.0,22.905762,120.177446,NORMAL,0.111
2026-04-16 15:15:54,UIA8681,5700,174.5,23.047175,120.096385,NORMAL,0.128
2026-04-16 15:15:54,EVA107,12875,403.0,22.895368,120.17629,NORMAL,0.106
2026-04-16 15:15:56,UIA8681,5750,173.6,23.047989,120.094699,NORMAL,0.125
2026-04-16 15:15:56,EVA107,12850,403.0,22.893494,120.176098,NORMAL,0.106
2026-04-16 15:15:58,UIA8681,5800,172.7,23.048767,120.093201,NORMAL,0.125
2026-04-16 15:15:58,EVA107,12800,403.0,22.888292,120.175527,NORMAL,0.106
2026-04-16 15:16:00,UIA8681,5850,172.7,23.049545,120.091603,NORMAL,0.126
2026-04-16 15:16:00,EVA107,12800,402.0,22.888292,120.175527,NORMAL,0.106
2026-04-16 15:16:02,UIA8681,5900,172.3,23.050387,120.089925,NORMAL,0.125
2026-04-16 15:16:02,EVA107,12800,402.0,22.888292,120.175527,NORMAL,0.106
2026-04-16 15:16:04,UIA8681,5950,171.0,23.050853,120.08906,NORMAL,0.128
2026-04-16 15:16:04,EVA107,12700,402.1,22.877151,120.17435,NORMAL,0.1
2026-04-16 15:16:06,UIA8681,6000,169.6,23.051743,120.087358,NORMAL,0.125
2026-04-16 15:16:06,EVA107,12675,402.1,22.875275,120.1741,NORMAL,0.099
2026-04-16 15:16:08,UIA8681,6075,168.2,23.052475,120.08586,NORMAL,0.126
2026-04-16 15:16:08,EVA107,12675,402.1,22.875275,120.1741,NORMAL,0.099
2026-04-16 15:16:10,UIA8681,6125,166.9,23.053253,120.084312,NORMAL,0.127
2026-04-16 15:16:10,EVA107,12600,402.1,22.86767,120.173289,NORMAL,0.091
2026-04-16 15:16:12,UIA8681,6175,165.5,23.054077,120.082664,NORMAL,0.127
2026-04-16 15:16:13,EVA107,12600,402.1,22.86767,120.173289,NORMAL,0.091
2026-04-16 15:16:15,UIA8681,6250,164.2,23.055084,120.080616,NORMAL,0.13
2026-04-16 15:16:15,EVA107,12600,402.1,22.86767,120.173289,NORMAL,0.091
2026-04-16 15:16:17,UIA8681,6300,164.2,23.05588,120.079041,NORMAL,0.13
2026-04-16 15:16:17,EVA107,12600,402.1,22.86767,120.173289,NORMAL,0.091
2026-04-16 15:16:19,UIA8681,6375,163.3,23.056641,120.07742,NORMAL,0.131
2026-04-16 15:16:19,EVA107,12600,402.1,22.86767,120.173289,NORMAL,0.091
2026-04-16 15:16:21,UIA8681,6425,162.8,23.057373,120.075922,NORMAL,0.131
2026-04-16 15:16:21,EVA107,12600,402.1,22.86767,120.173289,NORMAL,0.091
2026-04-16 15:16:23,UIA8681,6450,162.8,23.057968,120.074774,NORMAL,0.131
2026-04-16 15:16:23,EVA107,12600,402.1,22.86767,120.173289,NORMAL,0.091
2026-04-16 15:16:25,UIA8681,6500,161.9,23.05872,120.073191,NORMAL,0.127
2026-04-16 15:16:25,EVA107,12600,402.1,22.86767,120.173289,NORMAL,0.091
2026-04-16 15:16:27,UIA8681,6550,161.9,23.059418,120.071767,NORMAL,0.127
2026-04-16 15:16:27,EVA107,12600,402.1,22.86767,120.173289,NORMAL,0.091
2026-04-16 15:16:29,UIA8681,6575,161.9,23.060117,120.070343,NORMAL,0.126
2026-04-16 15:16:29,EVA107,12600,402.1,22.86767,120.173289,NORMAL,0.091
2026-04-16 15:16:31,UIA8681,6625,161.9,23.060861,120.068919,NORMAL,0.124
2026-04-16 15:16:31,EVA107,12600,402.1,22.86767,120.173289,NORMAL,0.091
2026-04-16 15:16:33,UIA8681,6675,161.9,23.061539,120.067483,NORMAL,0.125
2026-04-16 15:16:33,EVA107,12600,402.1,22.86767,120.173289,NORMAL,0.091
2026-04-16 15:16:35,UIA8681,6700,161.9,23.062258,120.06602,NORMAL,0.126
2026-04-16 15:16:35,EVA107,12600,402.1,22.86767,120.173289,NORMAL,0.091
2026-04-16 15:16:37,UIA8681,6725,161.9,23.062677,120.065155,NORMAL,0.126
2026-04-16 15:16:37,EVA107,12125,402.1,22.86767,120.173289,NORMAL,0.089
2026-04-16 15:16:39,UIA8681,6800,162.4,23.063782,120.062938,NORMAL,0.127
2026-04-16 15:16:39,EVA107,12125,399.4,22.814553,120.17629,NORMAL,0.066
2026-04-16 15:16:41,UIA8681,6825,162.4,23.064194,120.062089,NORMAL,0.127
2026-04-16 15:16:41,EVA107,12100,399.4,22.811142,120.177146,NORMAL,0.066
2026-04-16 15:16:43,UIA8681,6875,162.4,23.065201,120.060092,NORMAL,0.128
2026-04-16 15:16:43,EVA107,12075,398.8,22.807388,120.178145,NORMAL,0.067
2026-04-16 15:16:45,UIA8681,6900,162.4,23.065613,120.059243,NORMAL,0.128
2026-04-16 15:16:45,EVA107,12075,398.8,22.807388,120.178145,NORMAL,0.067
2026-04-16 15:16:47,UIA8681,6925,163.3,23.066345,120.057845,NORMAL,0.13
2026-04-16 15:16:47,EVA107,12075,397.5,22.807388,120.178145,NORMAL,0.068
2026-04-16 15:16:49,UIA8681,6950,163.3,23.066773,120.057017,NORMAL,0.13
2026-04-16 15:16:49,EVA107,11975,397.8,22.794113,120.181691,NORMAL,0.068
2026-04-16 15:16:51,UIA8681,7000,163.3,23.067518,120.055389,NORMAL,0.132
2026-04-16 15:16:51,EVA107,11950,396.8,22.790543,120.182639,NORMAL,0.068
2026-04-16 15:16:53,UIA8681,7000,165.1,23.067518,120.055389,NORMAL,0.132
2026-04-16 15:16:54,EVA107,11950,396.8,22.790543,120.182639,NORMAL,0.068
2026-04-16 15:16:56,UIA8681,7000,165.1,23.067518,120.055389,NORMAL,0.132
2026-04-16 15:16:56,EVA107,11950,396.8,22.790543,120.182639,NORMAL,0.068
2026-04-16 15:16:58,UIA8681,7000,165.1,23.067518,120.055389,NORMAL,0.132
2026-04-16 15:16:58,EVA107,11825,396.1,22.778091,120.186035,NORMAL,0.061
2026-04-16 15:17:00,UIA8681,7000,165.1,23.067518,120.055389,NORMAL,0.132
2026-04-16 15:17:00,EVA107,11800,396.1,22.774338,120.187084,NORMAL,0.06
2026-04-16 15:17:02,UIA8681,7000,165.1,23.067518,120.055389,NORMAL,0.132
2026-04-16 15:17:02,EVA107,11750,396.1,22.771133,120.187933,NORMAL,0.057
2026-04-16 15:17:04,UIA8681,7000,165.1,23.067518,120.055389,NORMAL,0.132
2026-04-16 15:17:04,EVA107,11700,394.1,22.767792,120.188832,NORMAL,0.059
2026-04-16 15:17:06,UIA8681,7000,165.1,23.067518,120.055389,NORMAL,0.132
2026-04-16 15:17:06,EVA107,11700,394.1,22.767792,120.188832,NORMAL,0.059
2026-04-16 15:17:08,UIA8681,7000,165.1,23.067518,120.055389,NORMAL,0.132
2026-04-16 15:17:08,EVA107,11700,394.1,22.767792,120.188832,NORMAL,0.059
2026-04-16 15:17:10,UIA8681,7075,165.1,23.075226,120.039717,NORMAL,0.132
2026-04-16 15:17:10,EVA107,11700,394.1,22.767792,120.188832,NORMAL,0.059
2026-04-16 15:17:12,UIA8681,7075,185.6,23.075226,120.039717,NORMAL,0.141
2026-04-16 15:17:12,EVA107,11700,394.1,22.767792,120.188832,NORMAL,0.059
2026-04-16 15:17:14,UIA8681,7075,185.6,23.075226,120.039717,NORMAL,0.141
2026-04-16 15:17:14,EVA107,11700,394.1,22.767792,120.188832,NORMAL,0.059
2026-04-16 15:17:16,UIA8681,7075,189.2,23.075226,120.039717,NORMAL,0.142
2026-04-16 15:17:16,EVA107,11700,386.8,22.767792,120.188832,NORMAL,0.06
2026-04-16 15:17:18,UIA8681,7075,189.2,23.075226,120.039717,NORMAL,0.142
2026-04-16 15:17:18,EVA107,11700,386.8,22.767792,120.188832,NORMAL,0.06
2026-04-16 15:17:20,UIA8681,7075,189.2,23.075226,120.039717,NORMAL,0.142
2026-04-16 15:17:20,EVA107,11700,386.8,22.767792,120.188832,NORMAL,0.06
2026-04-16 15:17:22,UIA8681,7075,189.2,23.075226,120.039717,NORMAL,0.142
2026-04-16 15:17:22,EVA107,11700,386.8,22.767792,120.188832,NORMAL,0.06
2026-04-16 15:17:24,UIA8681,7075,189.2,23.075226,120.039717,NORMAL,0.142
2026-04-16 15:17:24,EVA107,11700,386.8,22.767792,120.188832,NORMAL,0.06
2026-04-16 15:17:26,UIA8681,7075,189.2,23.075226,120.039717,NORMAL,0.142
2026-04-16 15:17:26,EVA107,11700,386.8,22.767792,120.188832,NORMAL,0.06
2026-04-16 15:17:28,UIA8681,7075,189.2,23.082275,120.025335,NORMAL,0.144
2026-04-16 15:17:28,EVA107,11700,386.8,22.767792,120.188832,NORMAL,0.06
2026-04-16 15:17:30,UIA8681,7075,189.2,23.082275,120.025335,NORMAL,0.144
2026-04-16 15:17:30,EVA107,11700,386.8,22.767792,120.188832,NORMAL,0.06
2026-04-16 15:17:32,UIA8681,7075,189.2,23.082275,120.025335,NORMAL,0.144
2026-04-16 15:17:33,EVA107,11700,386.8,22.767792,120.188832,NORMAL,0.06
2026-04-16 15:17:35,UIA8681,7075,207.5,23.082275,120.025335,NORMAL,0.16
2026-04-16 15:17:35,EVA107,11700,386.8,22.767792,120.188832,NORMAL,0.06
2026-04-16 15:17:37,UIA8681,7075,207.5,23.082275,120.025335,NORMAL,0.16
2026-04-16 15:17:37,EVA107,11700,386.8,22.767792,120.188832,NORMAL,0.06
2026-04-16 15:17:39,UIA8681,7075,207.5,23.082275,120.025335,NORMAL,0.16
2026-04-16 15:17:39,EVA107,11700,386.8,22.767792,120.188832,NORMAL,0.06
2026-04-16 15:17:41,UIA8681,7075,207.5,23.082275,120.025335,NORMAL,0.16
2026-04-16 15:17:41,EVA107,11700,386.8,22.767792,120.188832,NORMAL,0.06
2026-04-16 15:17:43,UIA8681,7075,207.5,23.082275,120.025335,NORMAL,0.16
2026-04-16 15:17:43,EVA107,11700,386.8,22.767792,120.188832,NORMAL,0.06
2026-04-16 15:17:45,UIA8681,7075,207.5,23.082275,120.025335,NORMAL,0.16
2026-04-16 15:17:45,EVA107,11700,386.8,22.767792,120.188832,NORMAL,0.06
2026-04-16 15:17:47,UIA8681,7075,207.5,23.091019,120.007407,NORMAL,0.159
2026-04-16 15:17:47,EVA107,11700,386.8,22.767792,120.188832,NORMAL,0.06
2026-04-16 15:17:49,UIA8681,7075,218.8,23.092517,120.004323,NORMAL,0.17
2026-04-16 15:17:49,EVA107,11700,386.8,22.767792,120.188832,NORMAL,0.06
2026-04-16 15:17:51,UIA8681,7075,218.8,23.092982,120.003357,NORMAL,0.171
2026-04-16 15:17:51,EVA107,11700,386.8,22.767792,120.188832,NORMAL,0.06
2026-04-16 15:17:53,UIA8681,7075,218.8,23.092982,120.003357,NORMAL,0.171
2026-04-16 15:17:53,EVA107,11700,386.8,22.767792,120.188832,NORMAL,0.06
2026-04-16 15:17:55,UIA8681,7075,222.4,23.095031,119.999237,NORMAL,0.173
2026-04-16 15:17:55,EVA107,11700,386.8,22.767792,120.188832,NORMAL,0.06
2026-04-16 15:17:57,UIA8681,7075,222.4,23.095496,119.998271,NORMAL,0.173
2026-04-16 15:17:57,EVA107,11700,386.8,22.767792,120.188832,NORMAL,0.06
2026-04-16 15:17:59,UIA8681,7050,224.6,23.097126,119.995015,NORMAL,0.174
2026-04-16 15:17:59,EVA107,11700,386.8,22.767792,120.188832,NORMAL,0.06
2026-04-16 15:18:01,UIA8681,7050,224.6,23.098022,119.993175,NORMAL,0.174
2026-04-16 15:18:01,EVA107,11700,386.8,22.767792,120.188832,NORMAL,0.06
2026-04-16 15:18:03,UIA8681,7050,226.8,23.098618,119.991927,NORMAL,0.176
2026-04-16 15:18:03,EVA107,11700,386.8,22.767792,120.188832,NORMAL,0.06
2026-04-16 15:18:05,UIA8681,7050,226.8,23.098618,119.991927,NORMAL,0.176
2026-04-16 15:18:07,UIA8681,7050,226.8,23.098618,119.991927,NORMAL,0.176
2026-04-16 15:18:09,UIA8681,7050,229.9,23.101688,119.985758,NORMAL,0.177
2026-04-16 15:18:11,UIA8681,7025,229.9,23.103287,119.982588,NORMAL,0.178
2026-04-16 15:18:13,UIA8681,7025,229.9,23.103287,119.982588,NORMAL,0.178
2026-04-16 15:18:15,UIA8681,7025,229.9,23.103287,119.982588,NORMAL,0.178
2026-04-16 15:18:17,UIA8681,7025,233.1,23.103287,119.982588,NORMAL,0.18
2026-04-16 15:18:19,UIA8681,7025,233.1,23.103287,119.982588,NORMAL,0.18
2026-04-16 15:18:22,UIA8681,7025,233.1,23.103287,119.982588,NORMAL,0.18
2026-04-16 15:18:24,UIA8681,7050,233.1,23.109833,119.969255,NORMAL,0.181
2026-04-16 15:18:26,UIA8681,7050,233.1,23.109833,119.969255,NORMAL,0.181
2026-04-16 15:18:28,UIA8681,7050,236.2,23.109833,119.969255,NORMAL,0.182
2026-04-16 15:18:30,UIA8681,7050,236.2,23.109833,119.969255,NORMAL,0.182
2026-04-16 15:18:32,UIA8681,7075,236.2,23.113745,119.961192,NORMAL,0.181
2026-04-16 15:18:34,UIA8681,7075,236.2,23.114914,119.958868,NORMAL,0.181
2026-04-16 15:18:36,UIA8681,7075,236.2,23.114914,119.958868,NORMAL,0.181
2026-04-16 15:18:38,UIA8681,7075,236.2,23.114914,119.958868,NORMAL,0.181
2026-04-16 15:18:38,CAL834,33250,487.1,22.859344,120.164162,NORMAL,0.143
2026-04-16 15:18:40,UIA8681,7075,236.2,23.114914,119.958868,NORMAL,0.181
2026-04-16 15:18:40,CAL834,33225,486.8,22.86362,120.164795,NORMAL,0.142
2026-04-16 15:18:42,UIA8681,7100,233.1,23.11854,119.951426,NORMAL,0.181
2026-04-16 15:18:42,CAL834,33175,485.6,22.869919,120.16576,NORMAL,0.141
2026-04-16 15:18:44,UIA8681,7100,233.1,23.119517,119.949443,NORMAL,0.182
2026-04-16 15:18:44,CAL834,33150,485.5,22.872345,120.16611,NORMAL,0.14
2026-04-16 15:18:46,UIA8681,7100,232.2,23.121277,119.945884,NORMAL,0.181
2026-04-16 15:18:46,CAL834,33100,485.5,22.877306,120.166829,NORMAL,0.14
2026-04-16 15:18:48,UIA8681,7100,231.3,23.122357,119.943695,NORMAL,0.181
2026-04-16 15:18:48,CAL834,33075,484.5,22.881866,120.167508,NORMAL,0.144
2026-04-16 15:18:50,UIA8681,7100,231.3,23.122357,119.943695,NORMAL,0.181
2026-04-16 15:18:50,CAL834,33050,484.5,22.885666,120.168058,NORMAL,0.145
2026-04-16 15:18:52,UIA8681,7100,230.4,23.123749,119.94094,NORMAL,0.177
2026-04-16 15:18:52,CAL834,33000,484.4,22.892029,120.169006,NORMAL,0.146
2026-04-16 15:18:54,UIA8681,7100,230.4,23.123749,119.94094,NORMAL,0.177
2026-04-16 15:18:54,CAL834,32975,483.4,22.894344,120.169373,NORMAL,0.147
2026-04-16 15:18:56,UIA8681,7075,229.5,23.125763,119.936845,NORMAL,0.176
2026-04-16 15:18:56,CAL834,32975,483.4,22.894344,120.169373,NORMAL,0.147
2026-04-16 15:18:58,UIA8681,7075,229.5,23.125763,119.936845,NORMAL,0.176
2026-04-16 15:18:58,CAL834,32900,483.4,22.903654,120.170746,NORMAL,0.149
2026-04-16 15:19:00,UIA8681,7075,227.8,23.125763,119.936845,NORMAL,0.178
2026-04-16 15:19:00,CAL834,32875,482.4,22.90831,120.171407,NORMAL,0.151
2026-04-16 15:19:02,UIA8681,7075,226.9,23.129526,119.929454,NORMAL,0.175
2026-04-16 15:19:02,CAL834,32850,481.4,22.91272,120.172053,NORMAL,0.152
2026-04-16 15:19:04,UIA8681,7075,225.5,23.130038,119.928335,NORMAL,0.174
2026-04-16 15:19:04,CAL834,32800,481.5,22.917068,120.172702,NORMAL,0.152
2026-04-16 15:19:06,UIA8681,7075,225.5,23.131073,119.926358,NORMAL,0.174
2026-04-16 15:19:06,CAL834,32775,481.5,22.921624,120.173391,NORMAL,0.157
2026-04-16 15:19:09,UIA8681,7075,223.3,23.131073,119.926358,NORMAL,0.173
2026-04-16 15:19:09,CAL834,32725,480.6,22.92659,120.17415,NORMAL,0.161
2026-04-16 15:19:11,UIA8681,7075,223.3,23.133591,119.921365,NORMAL,0.173
2026-04-16 15:19:11,CAL834,32675,478.6,22.932796,120.175069,NORMAL,0.161
2026-04-16 15:19:13,UIA8681,7075,222.4,23.134973,119.918671,NORMAL,0.171
2026-04-16 15:19:13,CAL834,32625,477.6,22.937164,120.175748,NORMAL,0.16
2026-04-16 15:19:15,UIA8681,7075,221.6,23.134973,119.918671,NORMAL,0.171
2026-04-16 15:19:15,CAL834,32600,475.6,22.94133,120.176347,NORMAL,0.159
2026-04-16 15:19:17,UIA8681,7075,220.2,23.134973,119.918671,NORMAL,0.167
2026-04-16 15:19:17,CAL834,32550,474.6,22.9476,120.177307,NORMAL,0.157
2026-04-16 15:19:19,UIA8681,7075,219.3,23.137067,119.914551,NORMAL,0.165
2026-04-16 15:19:19,CAL834,32550,472.6,22.949974,120.177663,NORMAL,0.163
2026-04-16 15:19:21,UIA8681,7075,219.3,23.138351,119.912026,NORMAL,0.163
2026-04-16 15:19:21,CAL834,32525,471.6,22.954514,120.178345,NORMAL,0.167
2026-04-16 15:19:23,UIA8681,7075,218.0,23.139674,119.909465,NORMAL,0.162
2026-04-16 15:19:23,CAL834,32500,469.7,22.958493,120.178935,NORMAL,0.167
2026-04-16 15:19:25,UIA8681,7075,217.1,23.139674,119.909465,NORMAL,0.162
2026-04-16 15:19:25,CAL834,32475,468.5,22.964951,120.179943,NORMAL,0.165
2026-04-16 15:19:27,UIA8681,7075,217.1,23.141922,119.905035,NORMAL,0.165
2026-04-16 15:19:27,CAL834,32450,467.5,22.969247,120.180613,NORMAL,0.166
2026-04-16 15:19:29,UIA8681,7075,217.1,23.142188,119.904531,NORMAL,0.165
2026-04-16 15:19:29,CAL834,32450,466.6,22.971359,120.180941,NORMAL,0.166
2026-04-16 15:19:31,UIA8681,7075,217.1,23.142933,119.903056,NORMAL,0.165
2026-04-16 15:19:31,CAL834,32425,464.6,22.976257,120.181691,NORMAL,0.166
2026-04-16 15:19:33,UIA8681,7075,217.1,23.142933,119.903056,NORMAL,0.165
2026-04-16 15:19:33,CAL834,32400,463.6,22.980331,120.18229,NORMAL,0.161
2026-04-16 15:19:35,UIA8681,7075,217.1,23.142933,119.903056,NORMAL,0.165
2026-04-16 15:19:35,CAL834,32375,461.6,22.98468,120.182939,NORMAL,0.161
2026-04-16 15:19:37,UIA8681,7075,217.1,23.146774,119.895597,NORMAL,0.159
2026-04-16 15:19:37,CAL834,32350,460.6,22.988846,120.183588,NORMAL,0.16
2026-04-16 15:19:39,UIA8681,7075,217.1,23.146774,119.895597,NORMAL,0.159
2026-04-16 15:19:39,CAL834,32325,459.6,22.993423,120.184337,NORMAL,0.159
2026-04-16 15:19:41,UIA8681,7075,217.1,23.146774,119.895597,NORMAL,0.159
2026-04-16 15:19:41,CAL834,32325,459.6,22.99736,120.184937,NORMAL,0.162
2026-04-16 15:19:43,UIA8681,7075,217.1,23.146774,119.895597,NORMAL,0.159
2026-04-16 15:19:43,CAL834,32300,456.7,23.00148,120.185586,NORMAL,0.161
2026-04-16 15:19:45,UIA8681,7075,217.1,23.146774,119.895597,NORMAL,0.159
2026-04-16 15:19:45,CAL834,32275,454.7,23.005554,120.186185,NORMAL,0.16
2026-04-16 15:19:47,UIA8681,7075,217.1,23.146774,119.895597,NORMAL,0.159
2026-04-16 15:19:47,CAL834,32250,453.7,23.007935,120.186584,NORMAL,0.161
2026-04-16 15:19:49,UIA8681,7075,217.1,23.146774,119.895597,NORMAL,0.159
2026-04-16 15:19:49,CAL834,32225,451.6,23.013797,120.18748,NORMAL,0.162
2026-04-16 15:19:52,UIA8681,7075,217.1,23.146774,119.895597,NORMAL,0.159
2026-04-16 15:19:52,CAL834,32200,451.6,23.020157,120.188482,NORMAL,0.162
2026-04-16 15:19:54,UIA8681,7075,217.1,23.154922,119.879866,NORMAL,0.157
2026-04-16 15:19:54,CAL834,32175,448.6,23.024876,120.189209,NORMAL,0.161
2026-04-16 15:19:56,UIA8681,7075,217.1,23.155884,119.878018,NORMAL,0.157
2026-04-16 15:19:56,CAL834,32150,447.6,23.029312,120.18988,NORMAL,0.162
2026-04-16 15:19:58,UIA8681,7075,217.1,23.155884,119.878018,NORMAL,0.157
2026-04-16 15:19:58,CAL834,32125,446.6,23.03144,120.190226,NORMAL,0.164
2026-04-16 15:20:00,UIA8681,7075,217.1,23.155884,119.878018,NORMAL,0.157
2026-04-16 15:20:00,CAL834,32075,444.6,23.037865,120.191243,NORMAL,0.166
2026-04-16 15:20:02,UIA8681,7075,217.1,23.155884,119.878018,NORMAL,0.157
2026-04-16 15:20:02,CAL834,32075,444.6,23.037865,120.191243,NORMAL,0.166
2026-04-16 15:20:04,UIA8681,7075,217.1,23.155884,119.878018,NORMAL,0.157
2026-04-16 15:20:04,CAL834,32025,444.6,23.043411,120.192128,NORMAL,0.166
2026-04-16 15:20:06,UIA8681,7075,217.1,23.155884,119.878018,NORMAL,0.157
2026-04-16 15:20:06,CAL834,32025,444.6,23.043411,120.192128,NORMAL,0.166
2026-04-16 15:20:08,UIA8681,7075,217.1,23.155884,119.878018,NORMAL,0.157
2026-04-16 15:20:08,CAL834,31925,441.5,23.05453,120.193837,NORMAL,0.163
2026-04-16 15:20:10,UIA8681,7075,217.1,23.155884,119.878018,NORMAL,0.157
2026-04-16 15:20:10,CAL834,31925,441.5,23.05453,120.193837,NORMAL,0.163
2026-04-16 15:20:12,UIA8681,7075,217.1,23.155884,119.878018,NORMAL,0.157
2026-04-16 15:20:12,CAL834,31925,441.5,23.05453,120.193837,NORMAL,0.163
2026-04-16 15:20:14,UIA8681,7075,217.1,23.155884,119.878018,NORMAL,0.157
2026-04-16 15:20:14,CAL834,31925,441.5,23.05453,120.193837,NORMAL,0.163
2026-04-16 15:20:16,UIA8681,7075,217.1,23.155884,119.878018,NORMAL,0.157
2026-04-16 15:20:16,CAL834,31925,441.5,23.05453,120.193837,NORMAL,0.163
2026-04-16 15:20:18,UIA8681,7075,217.1,23.155884,119.878018,NORMAL,0.157
2026-04-16 15:20:18,CAL834,31925,441.5,23.05453,120.193837,NORMAL,0.163
2026-04-16 15:20:20,UIA8681,7075,217.1,23.155884,119.878018,NORMAL,0.157
2026-04-16 15:20:20,CAL834,31925,441.5,23.05453,120.193837,NORMAL,0.163
2026-04-16 15:20:22,UIA8681,7075,217.1,23.155884,119.878018,NORMAL,0.157
2026-04-16 15:20:22,CAL834,31925,441.5,23.05453,120.193837,NORMAL,0.163
2026-04-16 15:20:24,UIA8681,7075,217.1,23.155884,119.878018,NORMAL,0.157
2026-04-16 15:20:24,CAL834,31925,441.5,23.05453,120.193837,NORMAL,0.163
2026-04-16 15:20:26,CAL834,31925,441.5,23.05453,120.193837,NORMAL,0.163
2026-04-16 15:20:28,CAL834,31925,441.5,23.05453,120.193837,NORMAL,0.163
2026-04-16 15:20:30,CAL834,31925,441.5,23.05453,120.193837,NORMAL,0.163
2026-04-16 15:20:32,CRK612,35025,483.3,23.007419,119.287516,NORMAL,0.158
2026-04-16 15:20:33,CAL834,31925,441.5,23.05453,120.193837,NORMAL,0.163
2026-04-16 15:20:35,CRK612,35025,483.3,23.007419,119.287516,NORMAL,0.158
2026-04-16 15:20:35,CAL834,31925,441.5,23.05453,120.193837,NORMAL,0.163
2026-04-16 15:20:37,CRK612,35025,483.3,23.007419,119.287516,NORMAL,0.158
2026-04-16 15:20:37,CAL834,31925,441.5,23.05453,120.193837,NORMAL,0.163
2026-04-16 15:20:39,CRK612,35025,483.3,23.007419,119.287516,NORMAL,0.158
2026-04-16 15:20:39,CAL834,31925,441.5,23.05453,120.193837,NORMAL,0.163
2026-04-16 15:20:41,CRK612,35025,483.3,23.017181,119.304882,NORMAL,0.166
2026-04-16 15:20:41,CAL834,31925,441.5,23.05453,120.193837,NORMAL,0.163
2026-04-16 15:20:43,CRK612,35025,483.3,23.017181,119.304882,NORMAL,0.166
2026-04-16 15:20:43,CAL834,31925,441.5,23.05453,120.193837,NORMAL,0.163
2026-04-16 15:20:45,CRK612,35025,483.3,23.017181,119.304882,NORMAL,0.166
2026-04-16 15:20:45,CAL834,31925,441.5,23.05453,120.193837,NORMAL,0.163
2026-04-16 15:20:47,CRK612,35025,483.3,23.017181,119.304882,NORMAL,0.166
2026-04-16 15:20:47,CAL834,31925,441.5,23.05453,120.193837,NORMAL,0.163
2026-04-16 15:20:49,CRK612,35025,483.3,23.017181,119.304882,NORMAL,0.166
2026-04-16 15:20:49,CAL834,31925,441.5,23.05453,120.193837,NORMAL,0.163
2026-04-16 15:20:51,CRK612,35025,483.3,23.017181,119.304882,NORMAL,0.166
2026-04-16 15:20:51,CAL834,31925,441.5,23.05453,120.193837,NORMAL,0.163
2026-04-16 15:20:53,CRK612,35025,483.3,23.017181,119.304882,NORMAL,0.166
2026-04-16 15:20:53,CAL834,31925,441.5,23.05453,120.193837,NORMAL,0.163
2026-04-16 15:20:55,CRK612,35025,483.3,23.017181,119.304882,NORMAL,0.166
2026-04-16 15:20:55,CAL834,31925,441.5,23.05453,120.193837,NORMAL,0.163
2026-04-16 15:20:57,CRK612,35025,483.3,23.017181,119.304882,NORMAL,0.166
2026-04-16 15:20:57,CAL834,31925,441.5,23.05453,120.193837,NORMAL,0.163
2026-04-16 15:20:59,CRK612,35025,483.3,23.017181,119.304882,NORMAL,0.166
2026-04-16 15:20:59,CAL834,31925,441.5,23.05453,120.193837,NORMAL,0.163
2026-04-16 15:21:01,CRK612,35025,483.3,23.017181,119.304882,NORMAL,0.166
2026-04-16 15:21:01,CAL834,31925,441.5,23.05453,120.193837,NORMAL,0.163
2026-04-16 15:21:03,CRK612,35025,483.3,23.017181,119.304882,NORMAL,0.166
2026-04-16 15:21:03,CAL834,31925,441.5,23.05453,120.193837,NORMAL,0.163
2026-04-16 15:21:05,CRK612,35025,483.3,23.017181,119.304882,NORMAL,0.166
2026-04-16 15:21:05,CAL834,31925,441.5,23.05453,120.193837,NORMAL,0.163
2026-04-16 15:21:07,CRK612,35025,483.3,23.017181,119.304882,NORMAL,0.166
2026-04-16 15:21:07,CAL834,31925,441.5,23.05453,120.193837,NORMAL,0.163
2026-04-16 15:21:09,CRK612,35025,483.3,23.017181,119.304882,NORMAL,0.166
2026-04-16 15:21:11,CRK612,35025,483.3,23.017181,119.304882,NORMAL,0.166
2026-04-16 15:21:13,CRK612,35025,483.3,23.017181,119.304882,NORMAL,0.166
2026-04-16 15:21:15,CRK612,35025,483.3,23.017181,119.304882,NORMAL,0.166
2026-04-16 15:21:18,CRK612,35025,483.3,23.017181,119.304882,NORMAL,0.166
2026-04-16 15:21:20,CRK612,35025,483.3,23.017181,119.304882,NORMAL,0.166
2026-04-16 15:21:22,CRK612,35025,483.3,23.017181,119.304882,NORMAL,0.166
2026-04-16 15:21:24,CRK612,35025,483.3,23.017181,119.304882,NORMAL,0.166
2026-04-16 15:21:26,CRK612,35025,483.3,23.017181,119.304882,NORMAL,0.166
2026-04-16 15:21:28,CRK612,35025,483.3,23.017181,119.304882,NORMAL,0.166
2026-04-16 15:21:30,CRK612,35025,483.3,23.017181,119.304882,NORMAL,0.166
2026-04-16 15:21:32,CRK612,35025,483.3,23.017181,119.304882,NORMAL,0.166
2026-04-16 15:21:34,CRK612,35025,483.3,23.017181,119.304882,NORMAL,0.166
2026-04-16 15:21:36,CRK612,35025,483.3,23.017181,119.304882,NORMAL,0.166
2026-04-16 15:21:36,SPQ510,30525,479.8,22.843881,120.160878,NORMAL,0.133
2026-04-16 15:21:38,SPQ510,30500,478.9,22.846207,120.161266,NORMAL,0.135
2026-04-16 15:21:40,SPQ510,30500,475.9,22.850784,120.161965,NORMAL,0.138
2026-04-16 15:21:42,SPQ510,30475,473.9,22.85524,120.162659,NORMAL,0.139
2026-04-16 15:21:44,SPQ510,30450,472.9,22.86145,120.163613,NORMAL,0.139
2026-04-16 15:21:46,SPQ510,30425,469.9,22.863713,120.163981,NORMAL,0.139
2026-04-16 15:21:48,SPQ510,30400,468.0,22.869827,120.164961,NORMAL,0.143
2026-04-16 15:21:50,SPQ510,30400,465.8,22.874313,120.165661,NORMAL,0.145
2026-04-16 15:21:52,SPQ510,30375,463.9,22.87847,120.166321,NORMAL,0.145
2026-04-16 15:21:54,SPQ510,30350,461.9,22.882706,120.166982,NORMAL,0.148
2026-04-16 15:21:56,SPQ510,30325,459.8,22.887039,120.167658,NORMAL,0.147
2026-04-16 15:21:58,SPQ510,30325,456.8,22.889223,120.167999,NORMAL,0.148
2026-04-16 15:22:00,SPQ510,30300,454.7,22.895416,120.168956,NORMAL,0.148
2026-04-16 15:22:02,SPQ510,30275,453.7,22.899465,120.169627,NORMAL,0.148
2026-04-16 15:22:04,SPQ510,30275,451.6,22.903748,120.170255,NORMAL,0.147
2026-04-16 15:22:06,SPQ510,30250,450.6,22.905889,120.170593,NORMAL,0.15
2026-04-16 15:22:08,SPQ510,30225,449.6,22.911987,120.171553,NORMAL,0.151
2026-04-16 15:22:10,SPQ510,30225,448.6,22.915924,120.172152,NORMAL,0.151
2026-04-16 15:22:12,SPQ510,30200,447.5,22.920134,120.17278,NORMAL,0.153
2026-04-16 15:22:14,SPQ510,30200,446.5,22.924231,120.173442,NORMAL,0.156
2026-04-16 15:22:16,SPQ510,30200,445.5,22.926465,120.173798,NORMAL,0.155
2026-04-16 15:22:18,SPQ510,30175,444.5,22.930847,120.17445,NORMAL,0.154
2026-04-16 15:22:20,SPQ510,30150,443.5,22.935031,120.17512,NORMAL,0.153
2026-04-16 15:22:22,SPQ510,30150,443.5,22.939224,120.175748,NORMAL,0.151
2026-04-16 15:22:24,SPQ510,30125,442.5,22.943481,120.176397,NORMAL,0.151
2026-04-16 15:22:26,SPQ510,30125,441.5,22.947833,120.177053,NORMAL,0.154
2026-04-16 15:22:28,SPQ510,30100,441.4,22.952069,120.177714,NORMAL,0.157
2026-04-16 15:22:31,SPQ510,30075,440.4,22.95845,120.178694,NORMAL,0.157
2026-04-16 15:22:33,SPQ510,30075,439.4,22.962662,120.179343,NORMAL,0.155
2026-04-16 15:22:35,SPQ510,30050,438.4,22.966593,120.179952,NORMAL,0.155
2026-04-16 15:22:37,SPQ510,30025,438.4,22.970718,120.180592,NORMAL,0.155
2026-04-16 15:22:39,SPQ510,30025,438.4,22.974647,120.181224,NORMAL,0.155
2026-04-16 15:22:41,SPQ510,30000,437.4,22.978464,120.181783,NORMAL,0.155
2026-04-16 15:22:43,SPQ510,29975,437.4,22.982208,120.18239,NORMAL,0.154
2026-04-16 15:22:45,SPQ510,29975,437.4,22.986098,120.183004,NORMAL,0.155
2026-04-16 15:22:47,SPQ510,29950,436.4,22.990219,120.183638,NORMAL,0.155
2026-04-16 15:22:49,SPQ510,29950,436.4,22.994524,120.184275,NORMAL,0.158
2026-04-16 15:22:51,SPQ510,29925,436.4,22.99823,120.184887,NORMAL,0.157
2026-04-16 15:22:53,SPQ510,29900,436.4,23.002345,120.185496,NORMAL,0.157
2026-04-16 15:22:55,SPQ510,29900,437.4,23.005976,120.186056,NORMAL,0.157
2026-04-16 15:22:57,SPQ510,29875,437.4,23.00998,120.186717,NORMAL,0.159
2026-04-16 15:22:59,SPQ510,29850,437.4,23.014169,120.187327,NORMAL,0.159
2026-04-16 15:23:01,SPQ510,29850,437.4,23.018406,120.187988,NORMAL,0.16
2026-04-16 15:23:03,SPQ510,29825,437.4,23.022308,120.188632,NORMAL,0.16
2026-04-16 15:23:05,SPQ510,29800,437.4,23.026413,120.18926,NORMAL,0.161
2026-04-16 15:23:07,SPQ510,29800,437.4,23.030044,120.189819,NORMAL,0.162
2026-04-16 15:23:09,SPQ510,29775,437.4,23.034164,120.19048,NORMAL,0.163
2026-04-16 15:23:11,SPQ510,29750,437.4,23.038284,120.191091,NORMAL,0.165
2026-04-16 15:23:13,SPQ510,29750,437.4,23.042706,120.191803,NORMAL,0.165
2026-04-16 15:23:15,SPQ510,29750,437.4,23.042706,120.191803,NORMAL,0.165
2026-04-16 15:23:17,SPQ510,29700,437.4,23.050527,120.193024,NORMAL,0.167
2026-04-16 15:23:19,SPQ510,29700,436.4,23.05481,120.193676,NORMAL,0.167
2026-04-16 15:23:21,SPQ510,29700,436.4,23.05481,120.193676,NORMAL,0.167
2026-04-16 15:23:23,SPQ510,29700,436.4,23.05481,120.193676,NORMAL,0.167
2026-04-16 15:23:25,SPQ510,29700,436.4,23.05481,120.193676,NORMAL,0.167
2026-04-16 15:23:27,SPQ510,29700,436.4,23.05481,120.193676,NORMAL,0.167
2026-04-16 15:23:29,SPQ510,29700,436.4,23.05481,120.193676,NORMAL,0.167
2026-04-16 15:23:31,SPQ510,29700,436.4,23.05481,120.193676,NORMAL,0.167
2026-04-16 15:23:33,SPQ510,29700,436.4,23.05481,120.193676,NORMAL,0.167
2026-04-16 15:23:35,SPQ510,29700,436.4,23.05481,120.193676,NORMAL,0.167
2026-04-16 15:23:37,UIA8986,6750,255.0,23.041306,120.017745,NORMAL,0.179
2026-04-16 15:23:37,SPQ510,29700,436.4,23.05481,120.193676,NORMAL,0.167
2026-04-16 15:23:39,UIA8986,6750,255.0,23.041306,120.017745,NORMAL,0.179
2026-04-16 15:23:39,SPQ510,29700,436.4,23.05481,120.193676,NORMAL,0.167
2026-04-16 15:23:41,UIA8986,6700,255.0,23.035723,120.019989,NORMAL,0.18
2026-04-16 15:23:42,SPQ510,29700,436.4,23.05481,120.193676,NORMAL,0.167
2026-04-16 15:23:44,UIA8986,6650,254.1,23.032104,120.02149,NORMAL,0.177
2026-04-16 15:23:44,SPQ510,29700,436.4,23.05481,120.193676,NORMAL,0.167
2026-04-16 15:23:46,UIA8986,6625,253.2,23.02977,120.022389,NORMAL,0.177
2026-04-16 15:23:46,SPQ510,29700,436.4,23.05481,120.193676,NORMAL,0.167
2026-04-16 15:23:48,UIA8986,6625,253.2,23.027573,120.023288,NORMAL,0.178
2026-04-16 15:23:48,SPQ510,29700,436.4,23.05481,120.193676,NORMAL,0.167
2026-04-16 15:23:50,UIA8986,6600,251.9,23.025295,120.024261,NORMAL,0.174
2026-04-16 15:23:50,SPQ510,29700,436.4,23.05481,120.193676,NORMAL,0.167
2026-04-16 15:23:52,UIA8986,6575,251.9,23.023061,120.025126,NORMAL,0.176
2026-04-16 15:23:52,SPQ510,29700,436.4,23.05481,120.193676,NORMAL,0.167
2026-04-16 15:23:54,UIA8986,6550,251.9,23.020966,120.025991,NORMAL,0.173
2026-04-16 15:23:54,SPQ510,29700,436.4,23.05481,120.193676,NORMAL,0.167
2026-04-16 15:23:56,UIA8986,6525,251.9,23.018326,120.027033,NORMAL,0.173
2026-04-16 15:23:56,SPQ510,29700,436.4,23.05481,120.193676,NORMAL,0.167
2026-04-16 15:23:58,UIA8986,6500,251.9,23.016266,120.027882,NORMAL,0.173
2026-04-16 15:23:58,SPQ510,29700,436.4,23.05481,120.193676,NORMAL,0.167
2026-04-16 15:24:00,UIA8986,6475,251.9,23.014481,120.028631,NORMAL,0.173
2026-04-16 15:24:00,SPQ510,29700,436.4,23.05481,120.193676,NORMAL,0.167
2026-04-16 15:24:02,UIA8986,6450,251.9,23.012283,120.02948,NORMAL,0.173
2026-04-16 15:24:02,SPQ510,29700,436.4,23.05481,120.193676,NORMAL,0.167
2026-04-16 15:24:04,UIA8986,6450,251.9,23.012283,120.02948,NORMAL,0.173
2026-04-16 15:24:04,SPQ510,29700,436.4,23.05481,120.193676,NORMAL,0.167
2026-04-16 15:24:06,UIA8986,6450,251.9,23.012283,120.02948,NORMAL,0.173
2026-04-16 15:24:06,SPQ510,29700,436.4,23.05481,120.193676,NORMAL,0.167
2026-04-16 15:24:08,UIA8986,6450,251.9,23.012283,120.02948,NORMAL,0.173
2026-04-16 15:24:08,SPQ510,29700,436.4,23.05481,120.193676,NORMAL,0.167
2026-04-16 15:24:10,UIA8986,6450,251.9,23.012283,120.02948,NORMAL,0.173
2026-04-16 15:24:10,SPQ510,29700,436.4,23.05481,120.193676,NORMAL,0.167
2026-04-16 15:24:12,UIA8986,6450,251.9,23.012283,120.02948,NORMAL,0.173
2026-04-16 15:24:12,SPQ510,29700,436.4,23.05481,120.193676,NORMAL,0.167
2026-04-16 15:24:14,UIA8986,6450,251.9,23.012283,120.02948,NORMAL,0.173
2026-04-16 15:24:14,SPQ510,29700,436.4,23.05481,120.193676,NORMAL,0.167
2026-04-16 15:24:16,UIA8986,6450,251.9,23.012283,120.02948,NORMAL,0.173
2026-04-16 15:24:16,SPQ510,29700,436.4,23.05481,120.193676,NORMAL,0.167
2026-04-16 15:24:18,UIA8986,6450,251.9,23.012283,120.02948,NORMAL,0.173
2026-04-16 15:24:18,SPQ510,29700,436.4,23.05481,120.193676,NORMAL,0.167
2026-04-16 15:24:21,UIA8986,6450,251.9,23.012283,120.02948,NORMAL,0.173
2026-04-16 15:24:23,UIA8986,6450,251.9,23.012283,120.02948,NORMAL,0.173
2026-04-16 15:24:25,UIA8986,6450,251.9,23.012283,120.02948,NORMAL,0.173
2026-04-16 15:24:27,UIA8986,6450,251.9,23.012283,120.02948,NORMAL,0.173
2026-04-16 15:24:29,UIA8986,6450,251.9,23.012283,120.02948,NORMAL,0.173
2026-04-16 15:24:31,UIA8986,6450,251.9,23.012283,120.02948,NORMAL,0.173
2026-04-16 15:24:33,UIA8986,6450,252.8,23.012283,120.02948,NORMAL,0.173
2026-04-16 15:24:35,UIA8986,6025,252.8,22.976276,120.043996,NORMAL,0.159
2026-04-16 15:24:37,UIA8986,6000,252.8,22.974088,120.044861,NORMAL,0.155
2026-04-16 15:24:39,UIA8986,5975,252.8,22.971714,120.045827,NORMAL,0.155
2026-04-16 15:24:41,UIA8986,5950,252.8,22.969526,120.046743,NORMAL,0.156
2026-04-16 15:24:43,SJX712,31000,465.3,23.033157,119.331798,NORMAL,0.171
2026-04-16 15:24:43,UIA8986,5950,252.8,22.968521,120.047108,NORMAL,0.156
2026-04-16 15:24:45,SJX712,31000,465.3,23.045359,119.353638,NORMAL,0.177
2026-04-16 15:24:45,UIA8986,5900,251.9,22.965103,120.048523,NORMAL,0.155
2026-04-16 15:24:47,SJX712,31000,465.3,23.045359,119.353638,NORMAL,0.177
2026-04-16 15:24:47,UIA8986,5875,252.5,22.963148,120.049286,NORMAL,0.155
2026-04-16 15:24:49,SJX712,31000,465.3,23.045359,119.353638,NORMAL,0.177
2026-04-16 15:24:49,UIA8986,5850,252.5,22.960914,120.050151,NORMAL,0.152
2026-04-16 15:24:51,SJX712,31000,465.3,23.045359,119.353638,NORMAL,0.177
2026-04-16 15:24:51,UIA8986,5850,252.5,22.960914,120.050151,NORMAL,0.152
2026-04-16 15:24:53,SJX712,31000,465.3,23.045359,119.353638,NORMAL,0.177
2026-04-16 15:24:53,UIA8986,5850,252.5,22.960914,120.050151,NORMAL,0.152
2026-04-16 15:24:55,SJX712,31000,465.3,23.055415,119.371592,NORMAL,0.181
2026-04-16 15:24:55,UIA8986,5850,252.5,22.960914,120.050151,NORMAL,0.152
2026-04-16 15:24:57,SJX712,31000,465.3,23.055415,119.371592,NORMAL,0.181
2026-04-16 15:24:57,UIA8986,5850,252.5,22.960914,120.050151,NORMAL,0.152
2026-04-16 15:24:59,SJX712,31000,465.3,23.055415,119.371592,NORMAL,0.181
2026-04-16 15:24:59,UIA8986,5850,252.5,22.960914,120.050151,NORMAL,0.152
2026-04-16 15:25:01,SJX712,31000,465.3,23.055415,119.371592,NORMAL,0.181
2026-04-16 15:25:01,UIA8986,5850,252.5,22.960914,120.050151,NORMAL,0.152
2026-04-16 15:25:03,SJX712,31000,465.3,23.055415,119.371592,NORMAL,0.181
2026-04-16 15:25:03,UIA8986,5850,252.5,22.960914,120.050151,NORMAL,0.152
2026-04-16 15:25:05,SJX712,31000,465.3,23.055415,119.371592,NORMAL,0.181
2026-04-16 15:25:05,UIA8986,5850,252.5,22.960914,120.050151,NORMAL,0.152
2026-04-16 15:25:07,SJX712,31000,465.3,23.055415,119.371592,NORMAL,0.181
2026-04-16 15:25:07,UIA8986,5850,252.5,22.960914,120.050151,NORMAL,0.152
2026-04-16 15:25:07,MDA1858,13525,348.5,22.912127,120.171458,NORMAL,0.128
2026-04-16 15:25:10,SJX712,31000,465.3,23.055415,119.371592,NORMAL,0.181
2026-04-16 15:25:10,UIA8986,5850,252.5,22.960914,120.050151,NORMAL,0.152
2026-04-16 15:25:10,MDA1858,13500,347.5,22.916875,120.17217,NORMAL,0.128
2026-04-16 15:25:12,SJX712,31000,465.3,23.055415,119.371592,NORMAL,0.181
2026-04-16 15:25:12,UIA8986,5850,252.5,22.960914,120.050151,NORMAL,0.152
2026-04-16 15:25:12,MDA1858,13475,347.5,22.919762,120.172628,NORMAL,0.13
2026-04-16 15:25:14,SJX712,31000,465.3,23.055415,119.371592,NORMAL,0.181
2026-04-16 15:25:14,UIA8986,5850,252.5,22.960914,120.050151,NORMAL,0.152
2026-04-16 15:25:14,MDA1858,13450,347.5,22.92316,120.173136,NORMAL,0.131
2026-04-16 15:25:16,SJX712,31000,465.3,23.055415,119.371592,NORMAL,0.181
2026-04-16 15:25:16,UIA8986,5850,252.5,22.960914,120.050151,NORMAL,0.152
2026-04-16 15:25:16,MDA1858,13425,347.5,22.926465,120.173645,NORMAL,0.131
2026-04-16 15:25:18,SJX712,31000,465.3,23.055415,119.371592,NORMAL,0.181
2026-04-16 15:25:18,UIA8986,5850,252.5,22.960914,120.050151,NORMAL,0.152
2026-04-16 15:25:18,MDA1858,13400,347.5,22.930161,120.17425,NORMAL,0.133
2026-04-16 15:25:20,SJX712,31000,465.3,23.055415,119.371592,NORMAL,0.181
2026-04-16 15:25:20,UIA8986,5850,252.5,22.960914,120.050151,NORMAL,0.152
2026-04-16 15:25:20,MDA1858,13375,347.5,22.93277,120.174649,NORMAL,0.134
2026-04-16 15:25:22,SJX712,31000,465.3,23.055415,119.371592,NORMAL,0.181
2026-04-16 15:25:22,UIA8986,5850,252.5,22.960914,120.050151,NORMAL,0.152
2026-04-16 15:25:22,MDA1858,13350,347.5,22.936661,120.175249,NORMAL,0.133
2026-04-16 15:25:24,SJX712,31000,465.3,23.055415,119.371592,NORMAL,0.181
2026-04-16 15:25:24,UIA8986,5850,252.5,22.960914,120.050151,NORMAL,0.152
2026-04-16 15:25:24,MDA1858,13325,347.5,22.938894,120.175578,NORMAL,0.133
2026-04-16 15:25:26,SJX712,31000,465.3,23.055415,119.371592,NORMAL,0.181
2026-04-16 15:25:26,UIA8986,5850,252.5,22.960914,120.050151,NORMAL,0.152
2026-04-16 15:25:26,MDA1858,13300,347.3,22.942945,120.176188,NORMAL,0.134
2026-04-16 15:25:28,SJX712,31000,465.3,23.055415,119.371592,NORMAL,0.181
2026-04-16 15:25:28,UIA8986,5850,252.5,22.960914,120.050151,NORMAL,0.152
2026-04-16 15:25:28,MDA1858,13275,347.3,22.945358,120.176547,NORMAL,0.134
2026-04-16 15:25:30,SJX712,31000,465.3,23.055415,119.371592,NORMAL,0.181
2026-04-16 15:25:30,UIA8986,5850,252.5,22.960914,120.050151,NORMAL,0.152
2026-04-16 15:25:30,MDA1858,13250,347.3,22.948563,120.177046,NORMAL,0.137
2026-04-16 15:25:32,SJX712,31000,465.3,23.055415,119.371592,NORMAL,0.181
2026-04-16 15:25:32,UIA8986,5850,252.5,22.960914,120.050151,NORMAL,0.152
2026-04-16 15:25:32,MDA1858,13225,346.5,22.95163,120.177496,NORMAL,0.14
2026-04-16 15:25:34,SJX712,31000,465.3,23.055415,119.371592,NORMAL,0.181
2026-04-16 15:25:34,UIA8986,5850,252.5,22.960914,120.050151,NORMAL,0.152
2026-04-16 15:25:34,MDA1858,13200,346.5,22.954559,120.177945,NORMAL,0.139
2026-04-16 15:25:36,SJX712,31000,465.3,23.055415,119.371592,NORMAL,0.181
2026-04-16 15:25:36,UIA8986,5850,252.5,22.960914,120.050151,NORMAL,0.152
2026-04-16 15:25:37,MDA1858,13200,346.5,22.957608,120.178426,NORMAL,0.139
2026-04-16 15:25:39,SJX712,31000,465.3,23.055415,119.371592,NORMAL,0.181
2026-04-16 15:25:39,UIA8986,5850,252.5,22.960914,120.050151,NORMAL,0.152
2026-04-16 15:25:39,MDA1858,13150,346.6,22.962708,120.179244,NORMAL,0.138
2026-04-16 15:25:41,SJX712,31000,465.3,23.055415,119.371592,NORMAL,0.181
2026-04-16 15:25:41,UIA8986,5850,252.5,22.960914,120.050151,NORMAL,0.152
2026-04-16 15:25:41,MDA1858,13125,346.6,22.966095,120.179743,NORMAL,0.137
2026-04-16 15:25:43,SJX712,31000,465.3,23.055415,119.371592,NORMAL,0.181
2026-04-16 15:25:43,UIA8986,5850,252.5,22.960914,120.050151,NORMAL,0.152
2026-04-16 15:25:43,MDA1858,13100,345.6,22.969852,120.180359,NORMAL,0.138
2026-04-16 15:25:45,SJX712,31000,465.3,23.055415,119.371592,NORMAL,0.181
2026-04-16 15:25:45,UIA8986,5850,252.5,22.960914,120.050151,NORMAL,0.152
2026-04-16 15:25:45,MDA1858,13075,345.6,22.972,120.180692,NORMAL,0.138
2026-04-16 15:25:47,SJX712,31000,465.3,23.055415,119.371592,NORMAL,0.181
2026-04-16 15:25:47,UIA8986,5850,252.5,22.960914,120.050151,NORMAL,0.152
2026-04-16 15:25:47,MDA1858,13050,345.6,22.975997,120.181325,NORMAL,0.138
2026-04-16 15:25:49,SJX712,31000,465.3,23.055415,119.371592,NORMAL,0.181
2026-04-16 15:25:49,MDA1858,13025,345.6,22.979599,120.18189,NORMAL,0.136
2026-04-16 15:25:51,SJX712,31000,465.3,23.055415,119.371592,NORMAL,0.181
2026-04-16 15:25:51,MDA1858,13000,345.6,22.982793,120.182393,NORMAL,0.137
2026-04-16 15:25:53,MDA1858,12975,345.6,22.985321,120.182789,NORMAL,0.137
2026-04-16 15:25:55,MDA1858,12950,345.6,22.988612,120.183309,NORMAL,0.137
2026-04-16 15:25:57,MDA1858,12925,345.6,22.992142,120.183888,NORMAL,0.138
2026-04-16 15:25:59,MDA1858,12900,345.6,22.995438,120.184387,NORMAL,0.141
2026-04-16 15:26:01,MDA1858,12875,345.6,22.997969,120.184784,NORMAL,0.14
2026-04-16 15:26:03,MDA1858,12875,345.6,23.001135,120.185293,NORMAL,0.139
2026-04-16 15:26:05,MDA1858,12850,345.6,23.004254,120.185801,NORMAL,0.139
2026-04-16 15:26:07,MDA1858,12825,345.5,23.00728,120.186259,NORMAL,0.141
2026-04-16 15:26:09,MDA1858,12800,346.5,23.010818,120.186818,NORMAL,0.141
2026-04-16 15:26:11,MDA1858,12775,346.5,23.013382,120.187184,NORMAL,0.141
2026-04-16 15:26:13,MDA1858,12750,346.5,23.017102,120.187785,NORMAL,0.14
2026-04-16 15:26:15,MDA1858,12725,346.5,23.019608,120.188182,NORMAL,0.142
2026-04-16 15:26:17,MDA1858,12700,346.5,23.022782,120.188649,NORMAL,0.142
2026-04-16 15:26:19,MDA1858,12675,346.5,23.027252,120.189381,NORMAL,0.142
2026-04-16 15:26:21,MDA1858,12650,346.5,23.028973,120.189616,NORMAL,0.14
2026-04-16 15:26:23,MDA1858,12625,346.5,23.032425,120.19018,NORMAL,0.141
2026-04-16 15:26:25,MDA1858,12600,346.5,23.036934,120.190887,NORMAL,0.139
2026-04-16 15:26:27,MDA1858,12575,346.6,23.040115,120.191379,NORMAL,0.141
2026-04-16 15:26:29,MDA1858,12575,346.6,23.041718,120.191628,NORMAL,0.138
2026-04-16 15:26:31,MDA1858,12525,346.6,23.046058,120.192312,NORMAL,0.138
2026-04-16 15:26:34,MDA1858,12500,346.6,23.050806,120.193024,NORMAL,0.14
2026-04-16 15:26:36,MDA1858,12475,346.6,23.053894,120.193526,NORMAL,0.14
2026-04-16 15:26:38,MDA1858,12450,345.6,23.057091,120.194041,NORMAL,0.136
2026-04-16 15:26:40,MDA1858,12425,345.6,23.060117,120.194499,NORMAL,0.136
2026-04-16 15:26:42,MDA1858,12425,345.6,23.061539,120.194724,NORMAL,0.136
2026-04-16 15:26:44,MDA1858,12425,345.6,23.061539,120.194724,NORMAL,0.136
2026-04-16 15:26:46,MDA1858,12425,345.6,23.061539,120.194724,NORMAL,0.136
2026-04-16 15:26:48,MDA1858,12325,345.6,23.073212,120.196572,NORMAL,0.132
2026-04-16 15:26:50,MDA1858,12325,345.6,23.073212,120.196572,NORMAL,0.132
2026-04-16 15:26:52,MDA1858,12325,345.6,23.073212,120.196572,NORMAL,0.132
2026-04-16 15:26:52,SPQ510,27925,426.6,23.47783,120.247091,NORMAL,0.034
2026-04-16 15:26:54,JJA6255,14000,373.6,23.105365,120.103912,NORMAL,0.142
2026-04-16 15:26:54,MDA1858,12325,345.6,23.073212,120.196572,NORMAL,0.132
2026-04-16 15:26:54,SPQ510,27925,426.6,23.47783,120.247091,NORMAL,0.034
2026-04-16 15:26:56,JJA6255,14000,373.6,23.105365,120.103912,NORMAL,0.142
2026-04-16 15:26:56,MDA1858,12325,345.6,23.073212,120.196572,NORMAL,0.132
2026-04-16 15:26:56,SPQ510,27925,426.6,23.47783,120.247091,NORMAL,0.034
2026-04-16 15:26:58,JJA6255,14000,373.6,23.094798,120.102844,NORMAL,0.146
2026-04-16 15:26:58,MDA1858,12325,345.6,23.073212,120.196572,NORMAL,0.132
2026-04-16 15:26:58,SPQ510,27925,426.6,23.47783,120.247091,NORMAL,0.034
2026-04-16 15:27:00,JJA6255,14000,373.6,23.094798,120.102844,NORMAL,0.146
2026-04-16 15:27:00,MDA1858,12325,345.6,23.073212,120.196572,NORMAL,0.132
2026-04-16 15:27:00,SPQ510,27925,426.6,23.47783,120.247091,NORMAL,0.034
2026-04-16 15:27:02,JJA6255,14000,373.6,23.094798,120.102844,NORMAL,0.146
2026-04-16 15:27:02,MDA1858,12325,345.6,23.073212,120.196572,NORMAL,0.132
2026-04-16 15:27:02,SPQ510,27925,426.6,23.47783,120.247091,NORMAL,0.034
2026-04-16 15:27:04,JJA6255,14000,373.6,23.094798,120.102844,NORMAL,0.146
2026-04-16 15:27:04,MDA1858,12325,345.6,23.073212,120.196572,NORMAL,0.132
2026-04-16 15:27:04,SPQ510,27925,426.6,23.47783,120.247091,NORMAL,0.034
2026-04-16 15:27:06,JJA6255,14000,372.6,23.082555,120.101624,NORMAL,0.146
2026-04-16 15:27:06,MDA1858,12325,345.6,23.073212,120.196572,NORMAL,0.132
2026-04-16 15:27:06,SPQ510,27925,426.6,23.47783,120.247091,NORMAL,0.034
2026-04-16 15:27:08,JJA6255,14000,372.6,23.079296,120.101267,NORMAL,0.146
2026-04-16 15:27:08,MDA1858,12325,345.6,23.073212,120.196572,NORMAL,0.132
2026-04-16 15:27:08,SPQ510,27925,426.6,23.47783,120.247091,NORMAL,0.034
2026-04-16 15:27:10,JJA6255,14000,372.6,23.074129,120.100759,NORMAL,0.146
2026-04-16 15:27:10,MDA1858,12325,345.6,23.073212,120.196572,NORMAL,0.132
2026-04-16 15:27:10,SPQ510,27925,426.6,23.47783,120.247091,NORMAL,0.034
2026-04-16 15:27:12,JJA6255,14000,372.6,23.070684,120.100403,NORMAL,0.147
2026-04-16 15:27:12,MDA1858,12325,345.6,23.073212,120.196572,NORMAL,0.132
2026-04-16 15:27:13,SPQ510,27750,426.6,23.47783,120.247091,NORMAL,0.034
2026-04-16 15:27:15,JJA6255,14000,372.6,23.070684,120.100403,NORMAL,0.147
2026-04-16 15:27:15,MDA1858,12325,345.6,23.073212,120.196572,NORMAL,0.132
2026-04-16 15:27:15,SPQ510,27750,426.6,23.47783,120.247091,NORMAL,0.034
2026-04-16 15:27:17,JJA6255,14000,372.6,23.061886,120.099538,NORMAL,0.15
2026-04-16 15:27:17,MDA1858,12325,345.6,23.073212,120.196572,NORMAL,0.132
2026-04-16 15:27:17,SPQ510,27750,426.6,23.47783,120.247091,NORMAL,0.034
2026-04-16 15:27:19,JJA6255,14000,372.6,23.058563,120.099193,NORMAL,0.15
2026-04-16 15:27:19,MDA1858,12325,345.6,23.073212,120.196572,NORMAL,0.132
2026-04-16 15:27:19,SPQ510,27750,426.6,23.47783,120.247091,NORMAL,0.034
2026-04-16 15:27:21,JJA6255,14000,372.6,23.054764,120.098794,NORMAL,0.151
2026-04-16 15:27:21,MDA1858,12325,345.6,23.073212,120.196572,NORMAL,0.132
2026-04-16 15:27:21,SPQ510,27750,426.6,23.47783,120.247091,NORMAL,0.034
2026-04-16 15:27:23,JJA6255,14000,371.7,23.050827,120.098394,NORMAL,0.15
2026-04-16 15:27:23,MDA1858,12325,345.6,23.073212,120.196572,NORMAL,0.132
2026-04-16 15:27:23,SPQ510,27750,426.6,23.47783,120.247091,NORMAL,0.034
2026-04-16 15:27:25,JJA6255,14000,371.6,23.048851,120.098216,NORMAL,0.148
2026-04-16 15:27:25,MDA1858,12325,345.6,23.073212,120.196572,NORMAL,0.132
2026-04-16 15:27:25,SPQ510,27750,426.6,23.47783,120.247091,NORMAL,0.034
2026-04-16 15:27:27,JJA6255,14000,372.2,23.044522,120.097809,NORMAL,0.149
2026-04-16 15:27:27,MDA1858,12325,345.6,23.073212,120.196572,NORMAL,0.132
2026-04-16 15:27:27,SPQ510,27750,426.6,23.47783,120.247091,NORMAL,0.034
2026-04-16 15:27:29,JJA6255,14000,372.7,23.040848,120.097595,NORMAL,0.151
2026-04-16 15:27:29,MDA1858,12325,345.6,23.073212,120.196572,NORMAL,0.132
2026-04-16 15:27:29,SPQ510,27750,426.6,23.47783,120.247091,NORMAL,0.034
2026-04-16 15:27:31,JJA6255,14000,372.1,23.037446,120.097504,NORMAL,0.153
2026-04-16 15:27:31,MDA1858,12325,345.6,23.073212,120.196572,NORMAL,0.132
2026-04-16 15:27:31,SPQ510,27750,426.6,23.47783,120.247091,NORMAL,0.034
2026-04-16 15:27:33,JJA6255,14000,373.1,23.034073,120.097545,NORMAL,0.151
2026-04-16 15:27:33,MDA1858,12325,345.6,23.073212,120.196572,NORMAL,0.132
2026-04-16 15:27:33,SPQ510,27750,426.6,23.47783,120.247091,NORMAL,0.034
2026-04-16 15:27:35,JJA6255,14000,372.8,23.030696,120.097707,NORMAL,0.151
2026-04-16 15:27:35,MDA1858,12325,345.6,23.073212,120.196572,NORMAL,0.132
2026-04-16 15:27:35,SPQ510,27750,426.6,23.47783,120.247091,NORMAL,0.034
2026-04-16 15:27:37,JJA6255,14000,374.1,23.026552,120.098165,NORMAL,0.153
2026-04-16 15:27:37,MDA1858,12325,345.6,23.073212,120.196572,NORMAL,0.132
2026-04-16 15:27:37,SPQ510,27750,426.6,23.47783,120.247091,NORMAL,0.034
2026-04-16 15:27:39,JJA6255,14000,374.6,23.023727,120.098594,NORMAL,0.153
2026-04-16 15:27:39,MDA1858,12325,345.6,23.073212,120.196572,NORMAL,0.132
2026-04-16 15:27:39,SPQ510,27750,426.6,23.47783,120.247091,NORMAL,0.034
2026-04-16 15:27:41,JJA6255,14000,374.9,23.020477,120.099193,NORMAL,0.153
2026-04-16 15:27:42,MDA1858,12325,345.6,23.073212,120.196572,NORMAL,0.132
2026-04-16 15:27:42,SPQ510,27750,426.6,23.47783,120.247091,NORMAL,0.034
2026-04-16 15:27:44,JJA6255,14000,375.1,23.015287,120.100403,NORMAL,0.15
2026-04-16 15:27:44,SPQ510,27750,426.6,23.47783,120.247091,NORMAL,0.034
2026-04-16 15:27:46,JJA6255,14000,375.5,23.011826,120.101291,NORMAL,0.15
2026-04-16 15:27:46,SPQ510,27750,426.6,23.47783,120.247091,NORMAL,0.034
2026-04-16 15:27:48,JJA6255,14000,375.4,23.008255,120.102239,NORMAL,0.15
2026-04-16 15:27:48,SPQ510,27450,426.6,23.47783,120.247091,NORMAL,0.033
2026-04-16 15:27:50,JJA6255,14000,375.9,23.005325,120.103099,NORMAL,0.148
2026-04-16 15:27:50,SPQ510,27450,426.6,23.47783,120.247091,NORMAL,0.033
2026-04-16 15:27:52,JJA6255,14000,376.2,23.001088,120.104268,NORMAL,0.146
2026-04-16 15:27:54,JJA6255,14000,376.2,22.998459,120.105036,NORMAL,0.146
2026-04-16 15:27:54,SPQ510,27400,425.5,23.599843,120.261582,ANOMALY,-0.01
2026-04-16 15:27:56,JJA6255,13975,376.2,22.994934,120.106035,NORMAL,0.146
2026-04-16 15:27:56,SPQ510,27400,425.5,23.601612,120.261789,ANOMALY,-0.012
2026-04-16 15:27:58,JJA6255,13950,376.4,22.991778,120.106913,NORMAL,0.141
2026-04-16 15:27:58,SPQ510,27400,425.5,23.601612,120.261789,ANOMALY,-0.012
2026-04-16 15:28:00,JJA6255,13925,376.4,22.987588,120.108083,NORMAL,0.14
2026-04-16 15:28:00,SPQ510,27400,425.5,23.601612,120.261789,ANOMALY,-0.012
2026-04-16 15:28:02,JJA6255,13900,377.4,22.98419,120.109049,NORMAL,0.14
2026-04-16 15:28:02,SPQ510,27400,425.5,23.601612,120.261789,ANOMALY,-0.012
2026-04-16 15:28:04,JJA6255,13875,377.2,22.981384,120.10983,NORMAL,0.14
2026-04-16 15:28:04,SPQ510,27400,425.5,23.601612,120.261789,ANOMALY,-0.012
2026-04-16 15:28:06,JJA6255,13825,377.2,22.977814,120.110879,NORMAL,0.141
2026-04-16 15:28:06,SPQ510,27400,425.5,23.601612,120.261789,ANOMALY,-0.012
2026-04-16 15:28:08,JJA6255,13800,377.2,22.974106,120.111927,NORMAL,0.142
2026-04-16 15:28:08,SPQ510,27400,425.5,23.601612,120.261789,ANOMALY,-0.012
2026-04-16 15:28:10,JJA6255,13750,377.2,22.970718,120.112876,NORMAL,0.141
2026-04-16 15:28:10,SPQ510,27400,425.5,23.601612,120.261789,ANOMALY,-0.012
2026-04-16 15:28:12,JJA6255,13725,376.2,22.967331,120.113825,NORMAL,0.141
2026-04-16 15:28:12,MDA1858,11450,344.1,23.188705,120.225586,NORMAL,0.11
2026-04-16 15:28:12,SPQ510,27400,425.5,23.601612,120.261789,ANOMALY,-0.012
2026-04-16 15:28:14,JJA6255,13700,376.2,22.964731,120.114543,NORMAL,0.141
2026-04-16 15:28:14,MDA1858,11325,344.1,23.204132,120.231179,NORMAL,0.098
2026-04-16 15:28:14,SPQ510,27400,425.5,23.601612,120.261789,ANOMALY,-0.012
2026-04-16 15:28:17,JJA6255,13675,376.2,22.962753,120.115123,NORMAL,0.141
2026-04-16 15:28:17,MDA1858,11325,344.1,23.204132,120.231179,NORMAL,0.098
2026-04-16 15:28:17,SPQ510,27400,425.5,23.601612,120.261789,ANOMALY,-0.012
2026-04-16 15:28:19,JJA6255,13675,376.2,22.962753,120.115123,NORMAL,0.141
2026-04-16 15:28:19,MDA1858,11275,344.1,23.211502,120.233876,NORMAL,0.096
2026-04-16 15:28:19,SPQ510,27400,425.5,23.601612,120.261789,ANOMALY,-0.012
2026-04-16 15:28:21,JJA6255,13575,376.2,22.952133,120.11812,NORMAL,0.142
2026-04-16 15:28:21,MDA1858,11275,344.1,23.211502,120.233876,NORMAL,0.096
2026-04-16 15:28:21,SPQ510,27400,425.5,23.601612,120.261789,ANOMALY,-0.012
2026-04-16 15:28:23,JJA6255,13550,376.2,22.948746,120.119068,NORMAL,0.139
2026-04-16 15:28:23,MDA1858,11275,344.1,23.211502,120.233876,NORMAL,0.096
2026-04-16 15:28:23,SPQ510,27400,425.5,23.601612,120.261789,ANOMALY,-0.012
2026-04-16 15:28:25,JJA6255,13500,375.2,22.945319,120.120036,NORMAL,0.136
2026-04-16 15:28:25,MDA1858,11275,344.1,23.211502,120.233876,NORMAL,0.096
2026-04-16 15:28:25,SPQ510,27400,425.5,23.601612,120.261789,ANOMALY,-0.012
2026-04-16 15:28:27,JJA6255,13475,375.0,22.942017,120.120966,NORMAL,0.135
2026-04-16 15:28:27,MDA1858,11275,344.1,23.211502,120.233876,NORMAL,0.096
2026-04-16 15:28:27,SPQ510,27400,425.5,23.601612,120.261789,ANOMALY,-0.012
2026-04-16 15:28:29,JJA6255,13450,375.0,22.938812,120.121865,NORMAL,0.136
2026-04-16 15:28:29,MDA1858,11275,344.1,23.211502,120.233876,NORMAL,0.096
2026-04-16 15:28:29,SPQ510,27400,425.5,23.601612,120.261789,ANOMALY,-0.012
2026-04-16 15:28:31,JJA6255,13425,375.0,22.935608,120.122764,NORMAL,0.138
2026-04-16 15:28:31,MDA1858,11275,344.1,23.211502,120.233876,NORMAL,0.096
2026-04-16 15:28:31,SPQ510,27400,425.5,23.601612,120.261789,ANOMALY,-0.012
2026-04-16 15:28:33,JJA6255,13375,375.0,22.932404,120.123663,NORMAL,0.138
2026-04-16 15:28:33,MDA1858,11275,344.1,23.211502,120.233876,NORMAL,0.096
2026-04-16 15:28:33,SPQ510,27400,425.5,23.601612,120.261789,ANOMALY,-0.012
2026-04-16 15:28:35,JJA6255,13350,375.0,22.929119,120.124563,NORMAL,0.137
2026-04-16 15:28:35,MDA1858,11275,344.1,23.211502,120.233876,NORMAL,0.096
2026-04-16 15:28:35,SPQ510,27400,425.5,23.601612,120.261789,ANOMALY,-0.012
2026-04-16 15:28:37,JJA6255,13325,375.0,22.925394,120.12558,NORMAL,0.135
2026-04-16 15:28:37,MDA1858,11275,344.1,23.211502,120.233876,NORMAL,0.096
2026-04-16 15:28:37,SPQ510,27400,425.5,23.601612,120.261789,ANOMALY,-0.012
2026-04-16 15:28:39,JJA6255,13275,375.0,22.922043,120.126546,NORMAL,0.132
2026-04-16 15:28:39,MDA1858,11275,344.1,23.211502,120.233876,NORMAL,0.096
2026-04-16 15:28:40,SPQ510,27400,425.5,23.601612,120.261789,ANOMALY,-0.012
2026-04-16 15:28:42,JJA6255,13225,375.0,22.917068,120.127907,NORMAL,0.13
2026-04-16 15:28:42,MDA1858,11275,344.1,23.211502,120.233876,NORMAL,0.096
2026-04-16 15:28:42,SPQ510,27400,425.5,23.601612,120.261789,ANOMALY,-0.012
2026-04-16 15:28:44,JJA6255,13200,375.0,22.913177,120.129006,NORMAL,0.13
2026-04-16 15:28:44,MDA1858,11275,344.1,23.211502,120.233876,NORMAL,0.096
2026-04-16 15:28:44,SPQ510,27400,425.5,23.601612,120.261789,ANOMALY,-0.012
2026-04-16 15:28:46,JJA6255,13175,375.0,22.91066,120.129705,NORMAL,0.13
2026-04-16 15:28:46,MDA1858,11275,344.1,23.211502,120.233876,NORMAL,0.096
2026-04-16 15:28:46,SPQ510,27400,425.5,23.601612,120.261789,ANOMALY,-0.012
2026-04-16 15:28:48,JJA6255,13125,374.7,22.907135,120.130704,NORMAL,0.124
2026-04-16 15:28:48,MDA1858,11275,344.1,23.211502,120.233876,NORMAL,0.096
2026-04-16 15:28:48,SPQ510,27400,425.5,23.601612,120.261789,ANOMALY,-0.012
2026-04-16 15:28:50,JJA6255,13100,374.7,22.903564,120.131653,NORMAL,0.123
2026-04-16 15:28:50,MDA1858,11275,344.1,23.211502,120.233876,NORMAL,0.096
2026-04-16 15:28:50,SPQ510,27400,425.5,23.601612,120.261789,ANOMALY,-0.012
2026-04-16 15:28:52,JJA6255,13075,374.7,22.900303,120.132599,NORMAL,0.12
2026-04-16 15:28:52,MDA1858,11275,344.1,23.211502,120.233876,NORMAL,0.096
2026-04-16 15:28:52,SPQ510,27400,425.5,23.601612,120.261789,ANOMALY,-0.012
2026-04-16 15:28:54,JJA6255,13025,373.8,22.896835,120.13355,NORMAL,0.118
2026-04-16 15:28:54,MDA1858,11275,344.1,23.211502,120.233876,NORMAL,0.096
2026-04-16 15:28:54,SPQ510,27400,425.5,23.601612,120.261789,ANOMALY,-0.012
2026-04-16 15:28:56,JJA6255,13000,373.8,22.89299,120.134599,NORMAL,0.117
2026-04-16 15:28:56,MDA1858,11275,344.1,23.211502,120.233876,NORMAL,0.096
2026-04-16 15:28:58,JJA6255,12975,373.8,22.890387,120.135345,NORMAL,0.117
2026-04-16 15:28:58,MDA1858,11275,344.1,23.211502,120.233876,NORMAL,0.096
2026-04-16 15:29:00,JJA6255,12925,373.8,22.886948,120.136297,NORMAL,0.117
2026-04-16 15:29:00,MDA1858,11275,344.1,23.211502,120.233876,NORMAL,0.096
2026-04-16 15:29:02,JJA6255,12900,373.8,22.88324,120.137346,NORMAL,0.116
2026-04-16 15:29:02,MDA1858,11275,344.1,23.211502,120.233876,NORMAL,0.096
2026-04-16 15:29:04,JJA6255,12875,373.8,22.880035,120.138195,NORMAL,0.112
2026-04-16 15:29:04,MDA1858,11275,344.1,23.211502,120.233876,NORMAL,0.096
2026-04-16 15:29:06,JJA6255,12875,373.8,22.880035,120.138195,NORMAL,0.112
2026-04-16 15:29:06,MDA1858,11075,344.1,23.211502,120.233876,NORMAL,0.096
2026-04-16 15:29:08,JJA6255,12875,373.8,22.880035,120.138195,NORMAL,0.112
2026-04-16 15:29:08,MDA1858,11075,344.1,23.211502,120.233876,NORMAL,0.096
2026-04-16 15:29:10,JJA6255,12875,373.8,22.880035,120.138195,NORMAL,0.112
2026-04-16 15:29:11,MDA1858,11075,344.1,23.211502,120.233876,NORMAL,0.096
2026-04-16 15:29:13,JJA6255,12875,373.8,22.880035,120.138195,NORMAL,0.112
2026-04-16 15:29:13,MDA1858,11075,344.1,23.211502,120.233876,NORMAL,0.096
2026-04-16 15:29:15,JJA6255,12875,373.8,22.880035,120.138195,NORMAL,0.112
2026-04-16 15:29:15,MDA1858,11075,344.1,23.211502,120.233876,NORMAL,0.096
2026-04-16 15:29:17,JJA6255,12875,373.8,22.880035,120.138195,NORMAL,0.112
2026-04-16 15:29:17,MDA1858,11075,344.1,23.211502,120.233876,NORMAL,0.096
2026-04-16 15:29:19,JJA6255,12875,373.8,22.880035,120.138195,NORMAL,0.112
2026-04-16 15:29:21,JJA6255,12875,373.8,22.880035,120.138195,NORMAL,0.112
2026-04-16 15:29:23,JJA6255,12875,373.8,22.880035,120.138195,NORMAL,0.112
2026-04-16 15:29:25,JJA6255,12875,373.8,22.880035,120.138195,NORMAL,0.112
2026-04-16 15:29:27,JJA6255,12875,373.8,22.880035,120.138195,NORMAL,0.112
2026-04-16 15:29:29,JJA6255,12875,373.8,22.880035,120.138195,NORMAL,0.112
2026-04-16 15:29:31,JJA6255,12875,373.8,22.880035,120.138195,NORMAL,0.112
2026-04-16 15:29:33,JJA6255,12875,373.8,22.880035,120.138195,NORMAL,0.112
2026-04-16 15:29:35,JJA6255,12875,373.8,22.880035,120.138195,NORMAL,0.112
2026-04-16 15:29:37,JJA6255,12875,373.8,22.880035,120.138195,NORMAL,0.112
2026-04-16 15:29:39,JJA6255,12875,373.8,22.880035,120.138195,NORMAL,0.112
2026-04-16 15:29:41,JJA6255,12875,373.8,22.880035,120.138195,NORMAL,0.112
2026-04-16 15:29:43,JJA6255,12875,373.8,22.880035,120.138195,NORMAL,0.112
2026-04-16 15:29:45,JJA6255,12875,373.8,22.880035,120.138195,NORMAL,0.112
2026-04-16 15:29:47,JJA6255,12875,373.8,22.880035,120.138195,NORMAL,0.112
2026-04-16 15:29:49,JJA6255,12875,373.8,22.880035,120.138195,NORMAL,0.112
2026-04-16 15:29:51,JJA6255,12875,373.8,22.880035,120.138195,NORMAL,0.112
2026-04-16 15:29:53,JJA6255,12875,373.8,22.880035,120.138195,NORMAL,0.112
2026-04-16 15:29:55,JJA6255,12875,373.8,22.880035,120.138195,NORMAL,0.112
2026-04-16 15:29:57,JJA6255,12875,373.8,22.880035,120.138195,NORMAL,0.112
2026-04-16 15:29:59,JJA6255,12875,373.8,22.880035,120.138195,NORMAL,0.112
2026-04-16 15:30:01,JJA6255,12875,373.8,22.880035,120.138195,NORMAL,0.112
2026-04-16 15:30:03,JJA6255,12875,373.8,22.880035,120.138195,NORMAL,0.112
2026-04-16 15:36:41,MDA340,8100,260.9,23.10585,119.970603,NORMAL,0.192
2026-04-16 15:36:43,MDA340,8100,260.9,23.10585,119.970603,NORMAL,0.192
2026-04-16 15:36:45,MDA340,8100,260.9,23.10585,119.970603,NORMAL,0.192
2026-04-16 15:36:48,MDA340,8100,260.9,23.10585,119.970603,NORMAL,0.192
2026-04-16 15:36:50,MDA340,8100,260.9,23.10585,119.970603,NORMAL,0.192
2026-04-16 15:36:52,MDA340,8100,260.9,23.10585,119.970603,NORMAL,0.192
2026-04-16 15:36:54,MDA340,8100,260.9,23.10585,119.970603,NORMAL,0.192
2026-04-16 15:36:56,MDA340,8100,260.9,23.10585,119.970603,NORMAL,0.192
2026-04-16 15:36:58,MDA340,8100,260.9,23.10585,119.970603,NORMAL,0.192
2026-04-16 15:37:00,MDA340,8100,260.9,23.10585,119.970603,NORMAL,0.192
2026-04-16 15:37:02,MDA340,8100,261.1,23.10585,119.970603,NORMAL,0.192
2026-04-16 15:37:04,MDA340,8075,261.1,23.079529,119.976796,NORMAL,0.185
2026-04-16 15:37:06,MDA340,8075,261.1,23.079529,119.976796,NORMAL,0.185
2026-04-16 15:40:51,EVA120,15675,391.3,23.103333,120.190629,NORMAL,0.136
2026-04-16 15:40:51,TTW796,1625,179.8,22.980698,120.19577,NORMAL,0.054
2026-04-16 15:40:53,EVA120,15675,391.3,23.103333,120.190629,NORMAL,0.136
2026-04-16 15:40:53,TTW796,1675,179.8,22.981522,120.192227,NORMAL,0.053
2026-04-16 15:40:55,EVA120,15675,391.3,23.103333,120.190629,NORMAL,0.136
2026-04-16 15:40:55,TTW796,1675,189.1,22.981522,120.192227,NORMAL,0.053
2026-04-16 15:40:57,TTW796,1750,190.6,22.981842,120.188832,NORMAL,0.058
2026-04-16 15:40:57,EVA120,15675,391.3,23.103333,120.190629,NORMAL,0.136
